NumTests,SequentialTime,ConcurrentTime,Speedup
10000,3.54844,2.02827,1.74949
20000,3.34786,2.02592,1.65251
50000,3.36074,2.03222,1.65373
100000,3.55055,2.03006,1.74899
200000,3.44947,2.02786,1.70104
