NumTests,SequentialTime,ConcurrentTime,Speedup
10000,3.14187,2.03871,1.5411
20000,3.66418,2.03743,1.79843
50000,3.28238,2.03632,1.61192
100000,3.37561,2.03583,1.65811
200000,3.71712,2.03041,1.83072
